param_max_depth,param_min_samples_split,param_min_samples_leaf,mean_train_score,mean_test_score,std_test_score,rank_test_score,RMSE_train_CV,RMSE_validacion_CV
12,2,10,-0.4661155534438174,-0.6187805668168338,0.01776077742201088,1,0.4661155534438174,0.6187805668168338
12,5,10,-0.4661155534438174,-0.6187805668168338,0.01776077742201088,1,0.4661155534438174,0.6187805668168338
12,10,10,-0.4661155534438174,-0.6187805668168338,0.01776077742201088,1,0.4661155534438174,0.6187805668168338
,2,10,-0.44248155052389704,-0.6199038489279687,0.0196488477266522,4,0.44248155052389704,0.6199038489279687
,5,10,-0.44248155052389704,-0.6199038489279687,0.0196488477266522,4,0.44248155052389704,0.6199038489279687
,10,10,-0.44248155052389704,-0.6199038489279687,0.0196488477266522,4,0.44248155052389704,0.6199038489279687
9,2,10,-0.5388621014267387,-0.6330091427623156,0.013093381438079402,7,0.5388621014267387,0.6330091427623156
9,5,10,-0.5388621014267387,-0.6330091427623156,0.013093381438079402,7,0.5388621014267387,0.6330091427623156
9,10,10,-0.5388621014267387,-0.6330091427623156,0.013093381438079402,7,0.5388621014267387,0.6330091427623156
12,2,5,-0.41740729656634307,-0.6366832576859751,0.01642715213229232,10,0.41740729656634307,0.6366832576859751
12,5,5,-0.41740729656634307,-0.6366832576859751,0.01642715213229232,10,0.41740729656634307,0.6366832576859751
12,10,5,-0.41740729656634307,-0.6366832576859751,0.01642715213229232,10,0.41740729656634307,0.6366832576859751
9,2,5,-0.5277814940010138,-0.6369387271913775,0.012348678907494247,13,0.5277814940010138,0.6369387271913775
9,5,5,-0.5277814940010138,-0.6369387271913775,0.012348678907494247,13,0.5277814940010138,0.6369387271913775
9,10,5,-0.5277814940010138,-0.6369387271913775,0.012348678907494247,13,0.5277814940010138,0.6369387271913775
9,10,2,-0.5235468915510743,-0.6423902905058869,0.009718411657685134,16,0.5235468915510743,0.6423902905058869
9,5,2,-0.5192417985209784,-0.6444207728573643,0.011593698015406448,17,0.5192417985209784,0.6444207728573643
9,10,1,-0.5227285651050717,-0.6457108710072073,0.009899016405229567,18,0.5227285651050717,0.6457108710072073
9,2,2,-0.51822566351266,-0.646398347095105,0.011240731657695058,19,0.51822566351266,0.646398347095105
9,5,1,-0.5183494748128185,-0.647897721455754,0.012391930412684266,20,0.5183494748128185,0.647897721455754
,2,5,-0.3515939599210024,-0.6493834942060194,0.018336874362242208,21,0.3515939599210024,0.6493834942060194
,5,5,-0.3515939599210024,-0.6493834942060194,0.018336874362242208,21,0.3515939599210024,0.6493834942060194
,10,5,-0.3515939599210024,-0.6493834942060194,0.018336874362242208,21,0.3515939599210024,0.6493834942060194
12,10,2,-0.3990553919427579,-0.6496534383601295,0.0196158464871478,24,0.3990553919427579,0.6496534383601295
9,2,1,-0.5161495200054889,-0.6503359996888665,0.009263231643505974,25,0.5161495200054889,0.6503359996888665
12,10,1,-0.3935326828726414,-0.6554732910871329,0.019118619655529818,26,0.3935326828726414,0.6554732910871329
12,5,2,-0.3758409663171137,-0.6624272305063653,0.018587319015074086,27,0.3758409663171137,0.6624272305063653
12,2,2,-0.37014038490988643,-0.6660508059629191,0.018323006147999383,28,0.37014038490988643,0.6660508059629191
12,5,1,-0.3702321541473713,-0.6689592265466143,0.016558001087804072,29,0.3702321541473713,0.6689592265466143
7,2,10,-0.6179309385759149,-0.6705780730806897,0.014391817789685573,30,0.6179309385759149,0.6705780730806897
7,5,10,-0.6179309385759149,-0.6705780730806897,0.014391817789685573,30,0.6179309385759149,0.6705780730806897
7,10,10,-0.6179309385759149,-0.6705780730806897,0.014391817789685573,30,0.6179309385759149,0.6705780730806897
7,2,5,-0.6158926550070015,-0.6713873912027994,0.012914667013434094,33,0.6158926550070015,0.6713873912027994
7,5,5,-0.6158926550070015,-0.6713873912027994,0.012914667013434094,33,0.6158926550070015,0.6713873912027994
7,10,5,-0.6158926550070015,-0.6713873912027994,0.012914667013434094,33,0.6158926550070015,0.6713873912027994
7,10,2,-0.6149867190124081,-0.6722827474699482,0.012995232533281558,36,0.6149867190124081,0.6722827474699482
7,10,1,-0.6146112122052746,-0.6730879595994932,0.013249605341041915,37,0.6146112122052746,0.6730879595994932
7,2,2,-0.6141025878556245,-0.6732894454752452,0.013804594580980203,38,0.6141025878556245,0.6732894454752452
7,2,1,-0.613384940375504,-0.6733749624147932,0.012841119641598125,39,0.613384940375504,0.6733749624147932
7,5,2,-0.6142425197505954,-0.6734884389454444,0.013842695598812496,40,0.6142425197505954,0.6734884389454444
7,5,1,-0.6137555608544506,-0.6738130955917485,0.01365839250957511,41,0.6137555608544506,0.6738130955917485
12,2,1,-0.3560736792807983,-0.6754403648433753,0.015008883470964598,42,0.3560736792807983,0.6754403648433753
,10,2,-0.29284793095603023,-0.6756959307151813,0.02268841238359321,43,0.29284793095603023,0.6756959307151813
,10,1,-0.265471676339396,-0.6873713324328824,0.022842821501063867,44,0.265471676339396,0.6873713324328824
,5,2,-0.2069411572134797,-0.6999603524730443,0.025019040273238827,45,0.2069411572134797,0.6999603524730443
,2,2,-0.18305068407505437,-0.707788113729712,0.023753342224716274,46,0.18305068407505437,0.707788113729712
,5,1,-0.16022090397781108,-0.7143053531708453,0.022693468761482694,47,0.16022090397781108,0.7143053531708453
5,2,10,-0.694642612723738,-0.721779451687748,0.009684930636285468,48,0.694642612723738,0.721779451687748
5,5,10,-0.694642612723738,-0.721779451687748,0.009684930636285468,48,0.694642612723738,0.721779451687748
5,10,10,-0.694642612723738,-0.721779451687748,0.009684930636285468,48,0.694642612723738,0.721779451687748
5,5,1,-0.693752496692321,-0.7225664559459146,0.010350239630264404,51,0.693752496692321,0.7225664559459146
5,5,2,-0.6938375053650099,-0.7225665061938369,0.010350229707978147,52,0.6938375053650099,0.7225665061938369
5,2,2,-0.6937755958262424,-0.7225885183819147,0.010350579830713495,53,0.6937755958262424,0.7225885183819147
5,10,1,-0.6940981560747685,-0.7225955510532932,0.00991791989733251,54,0.6940981560747685,0.7225955510532932
5,10,2,-0.6941692402235817,-0.7225956013012155,0.009917909395128807,55,0.6941692402235817,0.7225956013012155
5,2,5,-0.6942553288625731,-0.7226437668529887,0.009922670709805294,56,0.6942553288625731,0.7226437668529887
5,5,5,-0.6942553288625731,-0.7226437668529887,0.009922670709805294,56,0.6942553288625731,0.7226437668529887
5,10,5,-0.6942553288625731,-0.7226437668529887,0.009922670709805294,56,0.6942553288625731,0.7226437668529887
5,2,1,-0.6936563905002335,-0.7227614362911459,0.010359854323167076,59,0.6936563905002335,0.7227614362911459
,2,1,-2.816449461166546e-16,-0.7333204888604067,0.023568082919562847,60,2.816449461166546e-16,0.7333204888604067
3,2,1,-0.7859593376137693,-0.7988819034193904,0.017072702096191807,61,0.7859593376137693,0.7988819034193904
3,5,1,-0.7859593376137693,-0.7988819034193904,0.017072702096191807,61,0.7859593376137693,0.7988819034193904
3,10,1,-0.7859593376137693,-0.7988819034193904,0.017072702096191807,61,0.7859593376137693,0.7988819034193904
3,2,2,-0.7859593376137693,-0.7988819034193904,0.017072702096191807,61,0.7859593376137693,0.7988819034193904
3,5,2,-0.7859593376137693,-0.7988819034193904,0.017072702096191807,61,0.7859593376137693,0.7988819034193904
3,10,2,-0.7859593376137693,-0.7988819034193904,0.017072702096191807,61,0.7859593376137693,0.7988819034193904
3,2,5,-0.7859593376137693,-0.7988819034193904,0.017072702096191807,61,0.7859593376137693,0.7988819034193904
3,5,5,-0.7859593376137693,-0.7988819034193904,0.017072702096191807,61,0.7859593376137693,0.7988819034193904
3,10,5,-0.7859593376137693,-0.7988819034193904,0.017072702096191807,61,0.7859593376137693,0.7988819034193904
3,2,10,-0.7859593376137693,-0.7988819034193904,0.017072702096191807,61,0.7859593376137693,0.7988819034193904
3,5,10,-0.7859593376137693,-0.7988819034193904,0.017072702096191807,61,0.7859593376137693,0.7988819034193904
3,10,10,-0.7859593376137693,-0.7988819034193904,0.017072702096191807,61,0.7859593376137693,0.7988819034193904
