Modelo,Iteracion,Loss
MLP 1 capa oculta,1,0.6435490234241087
MLP 1 capa oculta,2,0.6220960857529799
MLP 1 capa oculta,3,0.6052654419374239
MLP 1 capa oculta,4,0.5919232167012601
MLP 1 capa oculta,5,0.5827384527819629
MLP 1 capa oculta,6,0.5739120342802202
MLP 1 capa oculta,7,0.5655375747058813
MLP 1 capa oculta,8,0.5584066295340698
MLP 1 capa oculta,9,0.5525510691172428
MLP 1 capa oculta,10,0.547479810247171
MLP 1 capa oculta,11,0.5428574256417371
MLP 1 capa oculta,12,0.5387435036057217
MLP 1 capa oculta,13,0.535059026615203
MLP 1 capa oculta,14,0.5313841491045943
MLP 1 capa oculta,15,0.5273140668823599
MLP 1 capa oculta,16,0.5235511703407196
MLP 1 capa oculta,17,0.5199143046247786
MLP 1 capa oculta,18,0.5161082755823976
MLP 1 capa oculta,19,0.5124299276293598
MLP 1 capa oculta,20,0.5091252007199399
MLP 1 capa oculta,21,0.5054884930006818
MLP 1 capa oculta,22,0.5022689848777232
MLP 1 capa oculta,23,0.49905851307525145
MLP 1 capa oculta,24,0.49636528815430925
MLP 1 capa oculta,25,0.49400183526859
MLP 1 capa oculta,26,0.4921983039748676
MLP 1 capa oculta,27,0.4900837403437257
MLP 1 capa oculta,28,0.48741027057870756
MLP 1 capa oculta,29,0.4849945933005228
MLP 1 capa oculta,30,0.4822303727903898
MLP 1 capa oculta,31,0.4796786625300391
MLP 1 capa oculta,32,0.4764450355004841
MLP 1 capa oculta,33,0.47326127343428415
MLP 1 capa oculta,34,0.47084739008177334
MLP 1 capa oculta,35,0.46880985984813606
MLP 1 capa oculta,36,0.4674778452593696
MLP 1 capa oculta,37,0.46617256082995867
MLP 1 capa oculta,38,0.46489632597109376
MLP 1 capa oculta,39,0.4632451785739791
MLP 1 capa oculta,40,0.4611049927409512
MLP 1 capa oculta,41,0.459137404517474
MLP 1 capa oculta,42,0.45776744929129043
MLP 1 capa oculta,43,0.456838276936506
MLP 1 capa oculta,44,0.45631754777267247
MLP 1 capa oculta,45,0.454806351697038
MLP 1 capa oculta,46,0.45307612701808897
MLP 1 capa oculta,47,0.4511974632987906
MLP 1 capa oculta,48,0.4496055026579293
MLP 1 capa oculta,49,0.4477373303688838
MLP 1 capa oculta,50,0.44587331225364196
MLP 1 capa oculta,51,0.4438942538450824
MLP 1 capa oculta,52,0.4427255683314011
MLP 1 capa oculta,53,0.44213991359859267
MLP 1 capa oculta,54,0.4417485441809671
MLP 1 capa oculta,55,0.4409167698984798
MLP 1 capa oculta,56,0.4401173170254764
MLP 1 capa oculta,57,0.4394956840626383
MLP 1 capa oculta,58,0.43906639764835886
MLP 1 capa oculta,59,0.4379970836590443
MLP 1 capa oculta,60,0.436749166918659
MLP 1 capa oculta,61,0.4357235124059005
MLP 1 capa oculta,62,0.43472639348799036
MLP 1 capa oculta,63,0.4339296334623211
MLP 1 capa oculta,64,0.4326207869061638
MLP 1 capa oculta,65,0.4324349813665736
MLP 1 capa oculta,66,0.4323925636002935
MLP 1 capa oculta,67,0.43111121531384855
MLP 1 capa oculta,68,0.4296234600081954
MLP 1 capa oculta,69,0.4268945057145134
MLP 1 capa oculta,70,0.4255169495860528
MLP 1 capa oculta,71,0.424229648936148
MLP 1 capa oculta,72,0.42361184946027686
MLP 2 capas ocultas,1,0.6568862281735408
MLP 2 capas ocultas,2,0.6088859956965671
MLP 2 capas ocultas,3,0.5820153610625248
MLP 2 capas ocultas,4,0.5658636813829596
MLP 2 capas ocultas,5,0.5553706417611618
MLP 2 capas ocultas,6,0.5454168612565404
MLP 2 capas ocultas,7,0.5377414123630168
MLP 2 capas ocultas,8,0.5283653023281878
MLP 2 capas ocultas,9,0.5177899938255344
MLP 2 capas ocultas,10,0.5075918803419263
MLP 2 capas ocultas,11,0.5006711622849035
MLP 2 capas ocultas,12,0.4953758308503817
MLP 2 capas ocultas,13,0.4885809810025554
MLP 2 capas ocultas,14,0.4801031783226827
MLP 2 capas ocultas,15,0.4733606130566399
MLP 2 capas ocultas,16,0.4659567786234611
MLP 2 capas ocultas,17,0.4597470874252279
MLP 2 capas ocultas,18,0.45458472274690703
MLP 2 capas ocultas,19,0.44878658198652277
MLP 2 capas ocultas,20,0.443718159858909
MLP 2 capas ocultas,21,0.4397198927494085
MLP 2 capas ocultas,22,0.43772426152049465
MLP 2 capas ocultas,23,0.4353245965937485
MLP 2 capas ocultas,24,0.43208519230992903
MLP 2 capas ocultas,25,0.4295767366371416
MLP 2 capas ocultas,26,0.4263103420669596
MLP 2 capas ocultas,27,0.42217663496691515
MLP 2 capas ocultas,28,0.4197887643075065
MLP 2 capas ocultas,29,0.4190051767416374
MLP 2 capas ocultas,30,0.41832292191977666
MLP 2 capas ocultas,31,0.4238592210307997
MLP 2 capas ocultas,32,0.4310666274366926
MLP 2 capas ocultas,33,0.4387046082052706
MLP 2 capas ocultas,34,0.4345060851296534
MLP 2 capas ocultas,35,0.43097928090364446
MLP 2 capas ocultas,36,0.42453987442908964
MLP 2 capas ocultas,37,0.4170835213898818
MLP 2 capas ocultas,38,0.41599640597514637
MLP 2 capas ocultas,39,0.41765591510862915
MLP 2 capas ocultas,40,0.4175326488004657
MLP 2 capas ocultas,41,0.4187211270801156
MLP 2 capas ocultas,42,0.4186863060302501
MLP 2 capas ocultas,43,0.41547827395864345
MLP 2 capas ocultas,44,0.4097471274003839
MLP 2 capas ocultas,45,0.40567574865059036
MLP 2 capas ocultas,46,0.40415323732108654
MLP 2 capas ocultas,47,0.40334931055544915
MLP 2 capas ocultas,48,0.40246142529404827
MLP 2 capas ocultas,49,0.4033169437117176
MLP 2 capas ocultas,50,0.4044691209760914
MLP 2 capas ocultas,51,0.40391487921301183
MLP 2 capas ocultas,52,0.4048335712479051
MLP 3 capas ocultas,1,0.7135513539747897
MLP 3 capas ocultas,2,0.662464478543013
MLP 3 capas ocultas,3,0.6264925175064988
MLP 3 capas ocultas,4,0.595819437089455
MLP 3 capas ocultas,5,0.5734508047201831
MLP 3 capas ocultas,6,0.554074532534277
MLP 3 capas ocultas,7,0.5396141087033269
MLP 3 capas ocultas,8,0.5287692575308496
MLP 3 capas ocultas,9,0.522161513791192
MLP 3 capas ocultas,10,0.5210219592424805
MLP 3 capas ocultas,11,0.5143096303600664
MLP 3 capas ocultas,12,0.5027130698788108
MLP 3 capas ocultas,13,0.4892164511249335
MLP 3 capas ocultas,14,0.47837336603424396
MLP 3 capas ocultas,15,0.46903762111838015
MLP 3 capas ocultas,16,0.4594192968984391
MLP 3 capas ocultas,17,0.4522072861767419
MLP 3 capas ocultas,18,0.44282699178345286
MLP 3 capas ocultas,19,0.4367433498954985
MLP 3 capas ocultas,20,0.43381763932181516
MLP 3 capas ocultas,21,0.43027703311603827
MLP 3 capas ocultas,22,0.4252057155344906
MLP 3 capas ocultas,23,0.4173892326925719
MLP 3 capas ocultas,24,0.4154195933189604
MLP 3 capas ocultas,25,0.413180663436705
MLP 3 capas ocultas,26,0.40879258968248045
MLP 3 capas ocultas,27,0.40432315052581513
MLP 3 capas ocultas,28,0.40013596013928077
MLP 3 capas ocultas,29,0.3987608716515307
MLP 3 capas ocultas,30,0.39934499411459057
MLP 3 capas ocultas,31,0.39811895690738275
MLP 3 capas ocultas,32,0.3957840898335572
MLP 3 capas ocultas,33,0.3932634171422767
MLP 3 capas ocultas,34,0.39393656122625564
MLP 3 capas ocultas,35,0.3989200204446087
MLP 3 capas ocultas,36,0.39283077853927223
MLP 3 capas ocultas,37,0.38523070393933406
MLP 3 capas ocultas,38,0.38762678608152923
MLP 3 capas ocultas,39,0.3882218982843484
MLP 3 capas ocultas,40,0.38818704741081794
MLP 3 capas ocultas,41,0.3899551256855377
MLP 3 capas ocultas,42,0.38761340961107044
MLP 3 capas ocultas,43,0.38393412630567075
MLP 3 capas ocultas,44,0.38257996215104345
MLP 3 capas ocultas,45,0.38050870292334443
MLP 3 capas ocultas,46,0.3783485328028112
MLP 3 capas ocultas,47,0.3759840797464287
MLP 3 capas ocultas,48,0.37796982874645574
MLP 3 capas ocultas,49,0.376935168452959
MLP 3 capas ocultas,50,0.3793676205801808
