Indice_original,Fold,y_real,y_pred,prob_clase_1
0,1,0,0,0.08606816579112646
1,4,1,1,0.9562115575966746
2,1,1,0,0.46667910628956544
3,4,1,1,0.970817141704193
5,5,0,0,0.18885104200058825
6,2,0,0,0.379653010535666
7,5,0,0,0.22106696766610004
8,3,1,0,0.4239660983119322
10,2,1,1,0.7812991893916812
12,5,0,0,0.15376041226196308
13,2,0,0,0.02724161600312911
14,2,0,1,0.7040327872076756
15,1,1,1,0.795626170939711
18,4,0,0,0.4117545198055361
19,3,1,0,0.4355960301664735
20,4,0,0,0.1282577471747786
21,1,1,0,0.06719378462402283
22,1,1,1,0.8885676353280786
24,5,0,0,0.32702121507127047
25,1,1,0,0.17569200664304624
26,3,0,0,0.1450937360747776
28,3,1,1,0.576128618275559
30,4,0,0,0.38112882000045084
31,1,1,1,0.9703446374075672
32,5,1,1,0.5026711361670181
33,2,0,0,0.08500023274875615
34,4,0,1,0.5425235887464834
35,4,0,1,0.5791299479276378
36,5,1,0,0.14471259517434135
37,1,0,0,0.10675078382392304
41,5,0,1,0.6137927769675205
42,4,0,0,0.1384120863444681
43,2,1,1,0.9300739877173981
44,4,1,1,0.8195187770261307
45,3,0,0,0.10699288551457195
46,2,0,0,0.17513449819099913
47,5,1,1,0.5026711361670181
48,2,0,0,0.11709836371283014
49,4,0,0,0.42360860504458264
50,3,0,0,0.13301831468703776
51,4,0,0,0.10578662478398865
52,1,1,1,0.9816177463212041
53,5,1,1,0.6146128704409212
54,1,0,0,0.07793509828571485
56,3,1,1,0.6813916146057217
57,4,0,0,0.1358600829373118
58,2,1,1,0.9428674049424547
59,1,0,0,0.05251516507464402
60,1,0,0,0.24123817432116287
61,3,1,1,0.9176962689569994
63,2,0,0,0.10036588393016554
64,5,0,0,0.3295969645360364
66,1,1,1,0.8535210645530275
67,5,0,0,0.1607610211598504
68,4,1,0,0.1397834584973267
69,3,0,0,0.09549213719819485
70,1,0,0,0.06774939146165809
72,2,0,0,0.2542905319124824
73,4,0,0,0.1589993005605889
74,4,1,0,0.1170319356764437
76,2,0,0,0.07660095941437277
77,1,0,0,0.08505595781882018
78,2,1,1,0.8635242065478098
79,5,1,0,0.33766465659560874
80,2,0,0,0.0989275038258258
81,1,1,0,0.08619002913329678
83,4,0,0,0.4558693447132412
85,1,1,0,0.1362696305239012
86,2,0,0,0.1945250429207594
89,3,0,0,0.12393565720776235
90,2,0,0,0.07667326448400502
93,2,0,0,0.07462767371544009
94,4,0,0,0.044087929044839776
95,3,0,0,0.10699288551457195
96,4,0,0,0.29880792685788865
97,4,1,1,0.6172435952842152
98,2,1,1,0.7626770721893924
100,2,0,0,0.48325387669888403
101,2,0,0,0.07660095941437277
102,3,0,1,0.7467439359025718
103,3,0,0,0.09808142113378823
104,5,0,0,0.08939772556531336
107,2,1,0,0.07646894409102171
108,5,0,0,0.09989988597138201
109,1,1,1,0.663026724632608
110,1,0,0,0.2867385581918634
111,5,0,0,0.4972798737928922
112,2,0,0,0.09729501668304497
113,4,0,0,0.4147783269881987
114,5,0,1,0.543541452539046
116,4,0,0,0.05819217396403929
117,4,0,0,0.18327348295910484
118,4,0,1,0.6734045223719226
119,1,0,1,0.5964787569252872
120,1,0,0,0.10163230263995247
121,1,0,0,0.08505595781882018
122,1,0,0,0.13927290267099984
123,4,1,1,0.7782095721157932
124,2,0,0,0.31336025385058164
125,4,1,0,0.294512610229727
127,3,1,0,0.12309449557796069
128,1,1,0,0.4237796487485883
129,3,0,0,0.06576682611763525
130,2,0,0,0.11692153338935368
131,2,0,0,0.11041001611167371
132,4,0,0,0.39207422286837035
133,5,1,1,0.6146128704409212
134,5,0,0,0.1694962001291576
135,1,0,0,0.26858760146324595
136,2,1,1,0.9715296022747911
139,1,0,0,0.4530016798220608
140,2,0,0,0.4977902064963633
141,5,1,0,0.39657309802358065
144,2,0,0,0.21155191338125198
145,5,0,0,0.4136791230212204
147,5,0,1,0.5141491835786919
148,5,0,0,0.3014435138351004
149,5,0,0,0.11989965872431621
150,5,0,0,0.10750831650477943
151,2,1,1,0.9807756394515704
152,1,0,0,0.03291509709489183
154,3,0,0,0.10649807875610846
155,3,0,0,0.3338291235444344
156,2,1,1,0.8457242853643346
158,4,0,0,0.10587926156968774
159,1,0,0,0.0066326200916709205
161,4,1,1,0.7756593287935678
163,3,0,0,0.17041595435403165
164,3,0,0,0.1718771656728463
166,5,1,1,0.8850077301804253
167,1,0,0,0.2002505873370761
168,3,0,0,0.3998109590747549
169,2,0,0,0.17555341942610683
170,5,0,0,0.280951901476632
171,4,0,0,0.19172369343243273
172,1,1,1,0.845314926309493
173,2,0,0,0.10385335909982193
174,4,0,0,0.34988868932045536
175,5,0,0,0.2552847828347426
176,1,0,0,0.029965019129209045
177,5,0,1,0.7265924121152417
178,2,0,0,0.08480749529520645
179,4,0,0,0.09557380370240426
181,3,0,0,0.18501265512059462
182,1,0,0,0.10007694502557778
183,1,1,1,0.673738862768543
184,2,1,1,0.8849645060781759
185,4,0,0,0.4564429183407745
187,3,1,0,0.32613466266230134
188,3,0,0,0.19439461577324826
189,2,0,0,0.0739382736421902
190,3,1,1,0.620620919804785
191,4,0,0,0.1880642142661227
192,2,1,0,0.4249374009884429
193,2,1,1,0.7121527414249621
194,1,1,1,0.954894633816498
195,3,1,1,0.8685861565827453
197,2,0,0,0.0537105041700919
200,3,0,0,0.11079811786921609
201,1,0,0,0.0066326200916709205
202,3,0,0,0.09311933235707714
203,5,0,0,0.09698632281806695
204,4,1,0,0.12198640470369917
205,1,0,1,0.8822665695107219
206,4,0,0,0.1057437325367082
207,5,1,0,0.17299590874948498
208,5,1,1,0.5959676805631323
209,3,1,0,0.2830351570364862
210,3,0,0,0.12300984702224338
212,4,0,0,0.1036744706835242
213,4,0,0,0.12922179532240705
214,5,0,0,0.20360379569951262
215,1,1,1,0.9773611799730855
217,1,0,0,0.06763125199818859
218,1,1,1,0.9709124796450328
219,1,0,0,0.0693241098029623
220,5,1,0,0.18521971053751762
221,1,0,0,0.0754329865436853
222,1,0,0,0.041902521015087825
223,2,0,0,0.07660095941437277
224,4,1,1,0.5680597178502284
225,5,0,0,0.14221447124803055
226,5,1,0,0.2226969056248865
227,5,0,0,0.14987182431144064
228,3,0,0,0.22715178763597643
229,4,0,0,0.15188854473711877
230,3,1,1,0.935743728736472
231,4,0,0,0.1066148193036618
232,2,0,0,0.07868558025928457
233,4,1,0,0.22744487180996278
234,4,0,0,0.14147816655461334
235,2,0,0,0.47727438103160413
236,5,0,0,0.13435529530180695
237,5,1,1,0.8363141983806968
238,5,0,0,0.2226969056248865
240,5,0,0,0.3923477396847258
242,1,0,0,0.07053781464358513
243,5,0,0,0.14053134398341752
246,1,0,0,0.4846976959480521
247,5,1,1,0.7117199082801355
248,2,1,0,0.3345856302082466
249,2,0,0,0.11171560170628411
250,4,0,0,0.10574511145785531
251,2,0,0,0.33185427354303315
253,1,0,0,0.057849177395267036
254,1,0,0,0.40169410507883196
255,3,1,0,0.39748904016193753
256,5,1,1,0.8465471208640547
257,1,1,1,0.9730237353975614
258,5,1,1,0.86000080882177
259,2,1,1,0.7302883044182291
260,1,0,0,0.21266190221954442
261,2,1,0,0.04275574389952236
262,1,0,0,0.4490423773241616
263,4,0,0,0.4127630326173897
264,4,0,1,0.7556520387195949
265,5,0,0,0.12743186701929274
266,3,0,0,0.09388914858655567
267,1,1,0,0.07184421320866569
268,3,1,1,0.9014604454803127
269,4,1,1,0.9616286467578523
270,2,0,0,0.356250849207054
272,1,1,1,0.8237741322615568
273,4,0,0,0.36849060608135736
274,1,1,1,0.7985908546153264
276,2,0,0,0.46089914030093393
277,2,0,0,0.08075393059007334
278,1,0,0,0.11760742431021877
280,3,0,0,0.061732458337936745
281,1,0,0,0.08597699262917863
282,5,0,0,0.18658272932861544
283,5,1,0,0.16067322007689014
284,2,0,0,0.34552283353479374
285,5,0,0,0.13333192752467396
286,2,1,0,0.07852274858789896
287,3,0,0,0.13400013586576562
288,5,1,0,0.11989965872431621
289,4,1,1,0.8029103353843128
290,1,1,1,0.973006742076025
291,4,1,1,0.9653673478667489
292,5,0,0,0.1477875027212446
294,5,0,0,0.13209277730773095
298,3,1,0,0.41271138770517474
299,1,1,1,0.8425067172337811
301,1,1,0,0.06364005208791615
302,3,0,0,0.14418040790138004
303,2,1,1,0.8511020796436511
304,4,0,0,0.10582107186828185
305,3,1,1,0.8713980547867868
306,5,1,1,0.8608698519578308
307,3,1,1,0.9003194981649427
308,3,0,0,0.18989814380582945
309,3,1,1,0.8760176870809612
310,3,1,1,0.8852461873057107
311,3,1,1,0.9017047783822978
312,1,0,1,0.9123753658653746
313,1,0,0,0.0860123421113414
314,2,0,0,0.07843538035314697
315,5,1,0,0.3569363897087119
316,5,1,1,0.6310133293106479
317,3,0,0,0.08870695162552628
318,3,1,1,0.918862160979425
319,3,1,1,0.8834334906267692
320,2,0,0,0.09593897705274539
321,4,0,0,0.1047901133788493
323,5,1,1,0.7155390426491314
325,1,1,1,0.9636014051104657
326,5,0,0,0.057719789939421666
327,4,1,1,0.7713356590401775
328,4,1,0,0.34082857082138396
329,3,1,1,0.8941884082841837
330,4,1,1,0.5512555519658259
331,2,0,0,0.30951696655847594
332,5,0,1,0.6444919293210039
334,1,1,1,0.9755339177831599
335,4,0,0,0.10580642675743941
337,4,1,1,0.9451031199823575
338,3,1,0,0.06639389325751494
339,3,0,0,0.34705363715145726
340,1,1,1,0.7859377654717812
342,2,0,0,0.0890991624663121
343,2,0,0,0.10701263973071144
344,4,0,0,0.12996628347394165
345,4,1,1,0.795196167725758
346,3,1,1,0.5982373614185055
347,5,1,0,0.3073558573021895
348,4,1,1,0.53113207965948
350,1,0,0,0.09956160142803876
352,4,0,0,0.3838616658733141
355,1,0,0,0.08738558560613073
356,1,1,1,0.9761085535281763
357,4,0,1,0.7713516411050048
358,2,1,1,0.7467537292432419
359,2,1,1,0.7467537292432418
360,1,0,0,0.030638995950426302
361,1,0,0,0.1655720168991084
362,5,0,0,0.3264107998808861
363,5,0,0,0.10621173460994343
364,3,0,0,0.21200165161062315
365,2,0,0,0.07583347625817254
367,1,1,1,0.5850387490229552
368,3,1,1,0.5760935370077312
370,5,1,0,0.4515948246901635
371,5,0,0,0.18298881299512318
372,2,0,0,0.12259194596489703
373,1,0,0,0.44280016491789254
374,1,0,1,0.5707131464241134
376,5,1,0,0.39580277606591496
377,3,0,1,0.7022899473855914
378,3,0,0,0.21826960291687303
379,3,0,0,0.1532436605156235
380,1,1,1,0.942533585764259
381,3,1,1,0.7576512241926092
382,3,0,0,0.10091796198909246
383,1,1,1,0.985849281025219
384,2,0,0,0.07660095941437277
385,5,0,0,0.36295279986410445
388,5,0,0,0.18808515038061402
390,2,1,0,0.44030609807697185
391,2,1,0,0.10362007032645698
392,3,0,0,0.08890292575404338
393,2,1,1,0.9587408336749752
394,2,1,1,0.5790352174289111
395,3,0,0,0.1339008326251457
396,2,0,0,0.45454598518981526
398,5,0,0,0.18267356324752243
399,4,1,1,0.782873381013799
400,2,1,0,0.07239577653099138
402,3,0,0,0.35657804009614913
403,1,0,0,0.06350426948664663
404,1,0,1,0.5506342536364859
405,1,0,0,0.0748228229372938
406,2,0,0,0.056857003654398906
407,3,1,1,0.6634065204756042
408,3,0,0,0.14004101761464458
409,3,0,0,0.2541931337496313
412,4,1,1,0.9723403037905759
413,3,0,0,0.1271531773655704
414,4,1,0,0.07540679152195247
415,3,0,0,0.3548136009412614
416,5,1,1,0.6455037920363831
418,1,0,0,0.06992963605509042
419,2,0,1,0.8186492633141524
420,2,0,0,0.14096006450719928
421,3,0,0,0.27178689255884103
423,4,0,0,0.3560159681169798
424,5,0,0,0.25793705734729566
425,1,0,0,0.08444266326092703
426,2,1,1,0.8331888211055005
429,5,1,0,0.11403479277874247
430,2,1,0,0.353532098982268
432,5,1,1,0.5747945890804966
434,2,0,1,0.5317635171121909
436,1,0,0,0.4840135390062601
437,3,1,1,0.6833290641586701
438,3,0,1,0.7210365929261178
439,5,0,0,0.13839109537201968
440,1,1,1,0.8532137164393079
443,2,1,1,0.8304903027356246
445,1,1,1,0.8827844667500429
446,3,1,1,0.8301224792057019
448,5,1,1,0.5171899021508893
449,5,1,0,0.28382341011332823
450,5,0,0,0.2785467942553178
451,3,0,0,0.11290400081617166
453,3,1,0,0.4435020724375174
454,3,0,0,0.10699288551457195
456,1,0,0,0.17434756637200235
457,5,1,1,0.8831590092942434
460,4,1,0,0.42070484656919355
461,5,0,0,0.1093333675719344
462,2,0,0,0.3343420615138926
464,4,0,0,0.10582107186828185
465,3,0,0,0.08160407524274231
466,4,0,0,0.1354566028551734
467,3,0,0,0.3085652084375975
468,5,0,0,0.18808074536304278
469,1,1,1,0.8139746950720688
470,1,0,0,0.08444266326092703
471,1,0,0,0.07347595778967894
474,5,0,0,0.39975492072953855
475,3,0,0,0.47173158211749266
476,2,0,0,0.11761867016024037
477,1,0,0,0.05772628923626295
478,5,0,0,0.1408295281926206
479,2,1,1,0.8795365585369316
480,3,0,0,0.10815132789599181
481,5,0,0,0.13944435280410214
482,2,0,0,0.058793955446061946
483,4,1,0,0.35369121947257354
486,4,1,1,0.975807441971157
487,1,0,0,0.17353309869332909
488,3,0,0,0.10523582800625675
490,2,0,0,0.08989388024950368
491,1,0,0,0.10578614498311188
493,2,0,0,0.3397073067806001
494,5,0,0,0.14727935781908638
496,4,1,1,0.9590649003556616
497,1,0,0,0.09111192797521715
498,5,0,1,0.9324399119516461
499,3,0,0,0.12369975074202494
500,2,0,0,0.1473099739120095
503,4,0,0,0.4320869844748549
505,4,0,1,0.653191493902172
506,3,1,1,0.712543636151922
507,2,1,0,0.34650881699057867
508,4,0,0,0.10809193689814672
509,4,1,0,0.12704094500561716
510,2,1,0,0.16143120041954104
512,3,1,0,0.34759595962632844
513,3,1,1,0.877931486372246
514,1,0,0,0.09409329767219385
516,2,1,1,0.800635306209529
517,4,0,0,0.2189024023334545
518,3,1,1,0.6763778897397987
519,1,0,0,0.08209001940463606
520,4,1,1,0.9600493876728479
521,5,0,0,0.14111253013030703
522,2,0,0,0.14001683585308775
523,4,1,1,0.8980344541687606
524,5,0,0,0.14471259517434135
525,5,0,0,0.15268962807517705
526,4,1,1,0.7736769957121684
527,4,0,1,0.6769094692487815
528,5,0,0,0.09783864640630889
529,1,0,0,0.23807147945000456
531,2,0,0,0.14002272510520022
533,5,1,0,0.4271389996769927
534,4,0,0,0.455503673026261
535,4,1,1,0.9571396669289122
537,5,1,1,0.8584411367290711
538,2,0,0,0.08613770346951145
539,1,1,1,0.9656182850249674
540,2,1,1,0.9409114149618139
542,4,0,0,0.15983265546774356
543,1,1,0,0.08194576508901157
544,2,0,1,0.5714746619786191
545,3,0,0,0.28507989588745886
546,3,1,1,0.736187982954597
547,2,1,0,0.1277167008821824
548,3,0,0,0.11770596681072056
550,5,1,1,0.7417056397235955
551,2,0,0,0.10928205987865117
552,3,0,0,0.21497576095313756
554,4,1,1,0.512883377893528
556,4,1,1,0.9475744058382932
557,4,0,1,0.6864987746595782
558,2,1,1,0.9691063659783333
561,2,0,0,0.07192415190055591
562,5,0,0,0.15317157922083927
563,5,0,0,0.11811874913895382
567,2,0,0,0.4821319299284296
568,2,0,0,0.14002272510520022
569,2,1,0,0.07641765932610296
572,5,1,0,0.32059075211294247
573,4,1,1,0.7556520387195949
574,3,0,0,0.1784581334573362
575,1,0,0,0.12984039690628074
577,2,1,1,0.9767928578309271
579,3,1,0,0.10091796198909246
581,5,1,1,0.8518056806911595
582,5,0,0,0.11529991858614173
583,4,0,0,0.40188933009125927
584,3,0,0,0.14667923319488127
585,2,1,1,0.9720442381707182
586,5,0,0,0.11448523727484636
588,1,0,0,0.10171197091132284
589,3,0,0,0.10699288551457195
590,5,0,0,0.10625298810406265
591,2,1,1,0.9757788203989315
592,3,0,0,0.06161912899167385
594,2,0,0,0.11562545231575481
595,3,0,0,0.11225942418203673
597,2,0,0,0.0534524284335373
598,2,0,0,0.14001683585308775
599,2,1,0,0.462141957324134
600,1,1,1,0.8697641367574243
601,2,0,0,0.07660095941437277
602,2,0,0,0.38173586545318444
604,2,1,0,0.23999851213028903
605,4,0,0,0.09771558191566396
606,4,0,0,0.10729564691136315
608,3,1,1,0.6767179996045791
609,4,1,1,0.962830486805233
610,5,0,0,0.39251080437373903
611,3,0,0,0.10632557306578995
612,3,1,1,0.5568930519705662
613,3,0,0,0.2148681711400322
615,4,1,1,0.7955149156422191
616,1,0,0,0.07727183299860735
617,1,0,0,0.27668686048617436
618,2,1,1,0.8805345638298167
619,1,0,0,0.07836863568383656
620,5,0,0,0.16879668511635926
621,1,1,0,0.44752228698362884
622,2,1,0,0.18191510387669965
623,3,0,0,0.14012587080386488
624,4,0,0,0.10844367692889159
626,4,0,0,0.17634401868665953
627,1,1,1,0.9713204907864917
628,3,0,0,0.11608952447696765
629,1,0,0,0.21263976787348063
630,1,1,0,0.10434824366535762
631,2,0,0,0.0562495562495198
632,5,1,0,0.3136427020168458
633,2,0,0,0.31165578572527064
635,4,1,1,0.7831369448179054
636,5,0,0,0.1139891509092209
638,1,0,0,0.11797243468545761
640,2,0,0,0.11194378361490258
641,1,1,1,0.9669688291323185
642,3,0,1,0.5304954102379718
643,1,1,0,0.17332708407865935
645,4,1,1,0.54208480264762
646,1,0,0,0.12115352067724465
647,3,1,0,0.23207098911583393
648,1,0,0,0.0846721768818038
649,2,1,1,0.554925285231657
650,5,0,0,0.11804699358245635
651,5,1,1,0.7369841399237692
652,3,0,0,0.14074761454431411
653,5,1,1,0.5027195222641346
654,1,0,1,0.879255089620521
655,5,0,0,0.2583932112674144
656,1,0,0,0.08493743181785285
657,1,0,1,0.5956724198030761
658,1,0,0,0.08991232112962895
660,3,1,1,0.5719404553210669
661,4,0,0,0.10096326702028505
662,4,0,0,0.42007430102235005
663,4,0,0,0.09803803780165973
664,5,1,0,0.17061995045048348
665,2,0,0,0.15615983523717658
666,3,0,0,0.15446822347013958
667,3,0,0,0.10680814514664086
668,5,0,0,0.09073803317840705
669,5,1,1,0.8833103960925754
670,4,1,1,0.7800935431244362
672,4,0,0,0.10249951155936002
673,1,1,0,0.06920777715941119
674,3,0,0,0.1271531773655704
675,4,0,0,0.12189270902296613
677,3,1,0,0.4804869499731228
678,2,0,0,0.20362131811690531
680,1,0,1,0.7989405137256416
681,4,1,0,0.4410599350220782
682,2,0,0,0.11460109569723546
683,3,0,0,0.09031856191629443
684,5,0,0,0.15868447167974353
686,1,0,0,0.032818363406074434
687,2,0,0,0.12702384895959357
688,3,0,0,0.1608162351482466
689,5,1,1,0.932507690698353
691,3,1,1,0.7263264051525955
692,1,1,0,0.17332708407865935
693,1,0,0,0.198826557561666
694,1,0,0,0.21223739799465036
695,4,0,0,0.11890739383822921
696,4,0,0,0.07542258440434584
697,3,1,1,0.5760840305420617
699,5,0,0,0.09221285043704644
700,3,1,1,0.8719496843265231
702,4,0,1,0.7447147903187865
704,5,0,0,0.13616820205070249
705,4,0,0,0.12677841145600058
706,4,1,1,0.7759639132688723
707,5,1,0,0.29523724230102694
708,2,1,1,0.9606706777340722
709,2,1,0,0.10793555121829788
710,3,1,1,0.8691214474535564
711,2,0,0,0.3465088169905786
713,5,0,0,0.1187875311064625
715,1,0,0,0.12083561055925264
716,1,1,1,0.9374184400640607
717,3,1,1,0.6425895329509113
718,4,0,0,0.2122542707681663
719,3,0,0,0.0975279111013618
720,1,1,1,0.9486833620370262
721,1,0,0,0.11792310458590803
722,4,0,0,0.12966069567944422
723,1,0,0,0.04989702676231954
724,4,1,1,0.5882746580403299
725,2,0,0,0.11350410136960114
727,5,1,1,0.5026634994678029
729,2,0,0,0.3862549859693718
732,3,0,0,0.1271531773655704
733,4,0,0,0.14759476494475707
734,5,0,0,0.187452127851462
735,4,0,0,0.10725280673453447
736,5,0,0,0.3417223875401067
737,2,1,0,0.25544305518293164
738,1,0,0,0.08493743181785285
739,4,0,0,0.10580642675743941
740,5,1,0,0.3858515447183178
741,4,0,1,0.5718079498869001
742,1,1,1,0.8807867788648445
744,3,1,0,0.1030469397481291
746,3,0,0,0.2406826322591959
747,5,1,1,0.5767140383751492
748,2,0,1,0.6532153050052634
750,4,1,1,0.9415185505654123
751,4,1,1,0.5333972072841122
753,5,0,0,0.1360193489484416
754,2,1,1,0.6881354544221343
755,2,1,1,0.7653707786411799
757,3,0,0,0.22445040175775552
760,5,0,0,0.1212160014227669
761,4,0,0,0.0840767845811736
762,1,1,0,0.2772280882145824
763,4,1,1,0.9340273478543833
765,4,1,1,0.9721087886334964
766,3,0,0,0.3901793540692807
767,3,0,1,0.562840070807753
768,5,0,0,0.2124523168239401
769,1,0,0,0.0824579350680451
770,4,0,0,0.10302787402749371
771,4,0,0,0.06575548490784622
772,4,0,1,0.7560851477128158
774,3,1,1,0.5551911870855716
777,1,1,1,0.7552326719376176
778,4,0,0,0.20514311809168004
779,1,1,1,0.8806988149672178
780,3,1,1,0.5887611144223897
781,4,1,1,0.9751363373608093
782,1,0,0,0.29338316208341103
783,4,0,0,0.107473944914404
784,3,0,0,0.11885532136267356
785,5,0,0,0.12775511832462016
786,1,1,1,0.5720982003805222
787,4,0,0,0.14606874961635774
788,3,1,1,0.5237215966587275
789,3,0,0,0.37456025750635996
791,2,0,0,0.29699273699936046
792,3,0,0,0.141595921028675
793,3,0,0,0.37472553784800283
794,3,0,0,0.1196543391888116
795,2,0,0,0.07414995612892054
796,4,1,1,0.9500286748813268
797,3,1,0,0.3372178593382031
798,3,0,0,0.13882965609882228
800,1,0,0,0.06719378462402283
801,2,1,1,0.782223613170599
803,3,1,1,0.5611396168686118
805,1,0,0,0.08302504182371878
806,5,0,0,0.24593777943777168
807,3,0,0,0.4789497808109824
808,4,0,0,0.13032942297052708
809,5,1,1,0.8767248029100404
811,5,0,0,0.10962187510834422
812,2,0,0,0.07594313890270478
813,2,0,0,0.24312705778109905
815,1,0,0,0.347917223105321
816,3,0,0,0.41827502945720774
818,2,0,0,0.06847007989349396
819,5,0,0,0.1874457164470201
820,4,1,1,0.9540665038705395
821,4,1,0,0.10488968051077625
822,3,0,0,0.2771180481240059
825,4,0,0,0.20449456639849242
827,5,1,1,0.7214762037488212
828,4,1,0,0.2051534248558476
829,1,1,1,0.9749571139613487
830,3,1,0,0.4957227438998478
831,5,1,1,0.6486481350833524
832,5,0,0,0.14471259517434135
833,5,0,0,0.13598417499074378
834,3,0,0,0.16144429831742935
835,5,1,1,0.8367480323498485
836,4,0,0,0.10599606241742685
837,4,0,0,0.10582107186828185
838,3,1,0,0.13886625177054496
839,5,1,0,0.3340506636447413
840,4,0,0,0.10925228237250315
842,1,1,1,0.968738825890615
843,5,0,0,0.12716728918315912
844,5,0,0,0.1771550186928274
845,4,0,0,0.08111653181706636
846,5,0,0,0.021699523970444133
847,5,0,0,0.1269426034374093
848,3,0,0,0.3047669402415675
849,2,1,1,0.9644260536123249
850,5,0,0,0.14642219988851285
851,5,0,0,0.04106656860007304
852,2,0,1,0.7726636365059046
854,4,0,1,0.8303204571941317
855,3,1,1,0.5324381432822723
856,2,1,1,0.9511485171383343
857,2,1,0,0.3082106445475917
858,2,1,1,0.5772004786304055
859,2,0,0,0.14002272510520022
861,2,0,0,0.18724148662755338
862,4,1,1,0.9504258025178357
863,1,0,0,0.12759273593052936
865,5,1,1,0.5510340626658543
866,1,1,1,0.8526368968029706
867,4,0,0,0.43413322285273526
870,2,0,0,0.08173481055558271
871,2,1,1,0.964551599194699
872,4,0,0,0.4215847332110787
873,2,0,0,0.06488857674423364
874,1,1,1,0.8505057910283643
875,5,1,1,0.5495763128893524
876,4,0,0,0.10971735822902004
877,5,0,0,0.16054827381151524
881,1,0,0,0.08130319553121737
882,1,0,1,0.5311308060457063
884,1,0,0,0.0906986079465253
885,3,0,0,0.36003737574151223
887,5,1,1,0.8727667680622093
888,1,0,0,0.46063206082560276
889,2,1,0,0.3438959388622603
890,3,0,0,0.1983686149883048
